classifier_training_data/1716162792.csv,0.0
classifier_training_data/1716162814.csv,1.0
classifier_training_data/1716162834.csv,0.0
classifier_training_data/1716162872.csv,1.0
classifier_training_data/1716162908.csv,1.0
classifier_training_data/1716162934.csv,1.0
classifier_training_data/1716162957.csv,1.0
classifier_training_data/1716162988.csv,0.0
classifier_training_data/1716163007.csv,1.0
classifier_training_data/1716163025.csv,1.0
classifier_training_data/1716163096.csv,0.0
classifier_training_data/1716163118.csv,0.0
classifier_training_data/1716163136.csv,0.0
classifier_training_data/1716163159.csv,0.0
classifier_training_data/1716163179.csv,1.0
classifier_training_data/1716163202.csv,1.0
classifier_training_data/1716163229.csv,1.0
classifier_training_data/1716163249.csv,1.0
classifier_training_data/1716163272.csv,1.0
classifier_training_data/1716163300.csv,1.0
